Year,Month,Total_Sales,Total_Profit,Profit_Margin
2014,1,14236.9,2450.17,17.21
2014,2,4519.92,862.3,19.08
2014,3,55691.02,498.7,0.9
2014,4,28295.35,3488.83,12.33
2014,5,23648.27,2738.72,11.58
2014,6,34595.12,4976.55,14.39
2014,7,33946.37,-841.47,-2.48
2014,8,27909.47,5318.07,19.05
2014,9,81777.32,8328.07,10.18
2014,10,31453.37,3448.21,10.96
2014,11,78628.73,9292.13,11.82
2014,12,69545.63,8983.58,12.92
2015,1,18174.08,-3280.97,-18.05
2015,2,11951.4,2813.84,23.54
2015,3,38726.26,9732.06,25.13
2015,4,34195.25,4187.53,12.25
2015,5,30131.72,4667.83,15.49
2015,6,24797.3,3335.54,13.45
2015,7,28765.3,3288.67,11.43
2015,8,36898.31,5355.82,14.52
2015,9,64595.87,8209.13,12.71
2015,10,31404.9,2817.34,8.97
2015,11,75972.49,12474.76,16.42
2015,12,74919.51,8016.89,10.7
2016,1,18542.52,2824.82,15.23
2016,2,22978.82,5004.57,21.78
2016,3,51715.85,3611.96,6.98
2016,4,38750.02,2977.85,7.68
2016,5,56987.75,8662.09,15.2
2016,6,40344.52,4750.32,11.77
2016,7,39261.98,4432.84,11.29
2016,8,31115.35,2062.05,6.63
2016,9,73410.07,9328.6,12.71
2016,10,59687.79,16243.2,27.21
2016,11,79412.01,4011.37,5.05
2016,12,96999.06,17885.23,18.44
2017,1,43971.37,7140.44,16.24
2017,2,20301.12,1613.88,7.95
2017,3,58872.35,14751.87,25.06
2017,4,36521.51,933.24,2.56
2017,5,44261.08,6342.65,14.33
2017,6,52981.7,8223.4,15.52
2017,7,45264.42,6952.59,15.36
2017,8,63120.85,9041.02,14.32
2017,9,87866.64,10991.52,12.51
2017,10,77776.91,9275.31,11.93
2017,11,118447.8,9690.1,8.18
2017,12,83829.3,8483.32,10.12
